{
  "data_stats": {
    "total_transactions": 284807,
    "fraud_count": 492,
    "fraud_rate": 0.001727485630620034,
    "imbalance_ratio": 577.8760162601626
  },
  "amount_analysis": {
    "normal_median": 22.0,
    "fraud_median": 9.25,
    "insight": "Fraud transactions have lower amounts."
  },
  "top_features": [
    "V10",
    "V14",
    "V16",
    "V17",
    "V11",
    "V12",
    "V4",
    "V3",
    "V7",
    "V18"
  ],
  "feature_importance": {
    "V10": 0.22332245616350943,
    "V14": 0.12713600979887507,
    "V16": 0.11334060317555927,
    "V17": 0.09828854913973055,
    "V11": 0.09660944243719362,
    "V12": 0.07818782280769225,
    "V4": 0.05212665466800482,
    "V3": 0.03679184390019254,
    "V7": 0.032342060734809934,
    "V18": 0.025600131386316866
  }
}