{
  "model": "Random Forest Baseline",
  "date_trained": "2025-09-29",
  "metrics": {
    "precision": 0.8282828282828283,
    "recall": 0.8367346938775511,
    "f1": 0.8324873096446701,
    "roc_auc": 0.978024007154916
  },
  "business_metrics": {
    "false_alarms": 17,
    "missed_frauds": 16,
    "caught_frauds": 82,
    "false_alarm_ratio": 0.2073170731707317
  }
}